기준년도,시군명,등록동물수(마리),동물품종수,동물소유자수
2025,가평군,1946,78,1265
2025,광명시,106,21,70

2025,구리시,766,53,688
2025,군포시,4049,83,3018
2025,군포시,3993,88,3051
2025,군포시,1013,57,755
2025,군포시,607,47,468
2025,군포시,634,48,485
2025,군포시,31,10,16
2025,군포시,1009,59,792
2025,군포시,7697,101,5985
2025,군포시,38,13,26
2025,남양주시,1723,68,1272
2025,남양주시,7474,90,5519
2025,남양주시,1416,126,1147
2025,남양주시,6589,85,4831
2025,남양주시,1499,65,1001
2025,남양주시,1326,84,682
2025,남양주시,427,92,236
2025,남양주시,5562,82,4016
2025,남양주시,5257,86,3760
2025,남양주시,447,60,270
2025,남양주시,2029,75,1438
2025,남양주시,8269,93,5857
2025,남양주시,1988,107,1488
2025,남양주시,3455,76,2597
2025,남양주시,4765,88,3426
2025,남양주시,12177,114,7594
2025,동두천시,14,9,5
2025,동두천시,155,27,88
2025,동두천시,567,60,353
2025,동두천시,348,40,204
2025,동두천시,259,33,149
2025,동두천시,570,52,335
2025,동두천시,3567,86,2340
2025,동두천시,1031,57,727
2025,동두천시,107,22,38
2025,동두천시,2305,79,1700
2025,동두천시,114,26,63
2025,동두천시,99,25,47
2025,동두천시,9136,119,6049
2025,시흥시,2284,69,1663
2025,시흥시,218,36,74
2025,시흥시,172,28,83
2025,시흥시,82,20,55
2025,시흥시,257,44,167
2025,시흥시,47,16,25
2025,시흥시,382,38,279
2025,시흥시,1708,63,1277
2025,시흥시,3718,90,2651
2025,시흥시,262,29,192
2025,시흥시,950,55,602
2025,시흥시,329,43,253
2025,시흥시,69,14,32
2025,시흥시,23,13,17
2025,시흥시,469,48,303
2025,시흥시,107,24,46
2025,시흥시,3848,76,2672
2025,시흥시,631,51,450
2025,시흥시,4084,87,2957
2025,시흥시,77,17,30
2025,시흥시,1812,70,1246
2025,시흥시,4403,82,3331
2025,시흥시,1932,71,1434
2025,시흥시,1223,60,877
2025,시흥시,14950,112,11019
2025,시흥시,1830,76,1361
2025,시흥시,493,42,340
2025,시흥시,509,40,375
2025,시흥시,662,47,501
2025,시흥시,748,45,547
2025,시흥시,6,5,5
2025,안산시,842,51,653
2025,안산시,6973,96,5512
2025,안산시,281,38,177
2025,안산시,233,36,138
2025,안산시,289,34,183
2025,안산시,8,5,7
2025,안산시,7145,107,5286
2025,안산시,2917,84,2104
2025,안산시,7702,106,5886
2025,안산시,177,25,124
2025,안산시,51,16,29
2025,안산시,5368,88,4103
2025,안산시,157,26,102
2025,안산시,1802,76,1417
2025,안산시,504,50,370
2025,안산시,1679,77,1266
2025,안산시,40,16,25
2025,안산시,4013,83,2918
2025,안산시,2365,76,1885
2025,안산시,62,22,38
2025,안산시,2880,81,2171
2025,안산시,1915,72,1411
2025,안산시,2660,82,1932
2025,안산시,259,31,169
2025,안산시,23,10,14
2025,안산시,3361,78,2624
2025,안산시,335,41,235
2025,안산시,170,33,107
2025,안산시,5,4,4
2025,안산시,36,16,27
2025,안성시,53,18,46
2025,안성시,19,6,12
2025,안성시,14,9,14
2025,안성시,69,20,47
2025,안성시,1566,67,1291
2025,안성시,21,10,15
2025,안성시,195,34,153
2025,안성시,112,25,86
2025,안성시,27,10,22
2025,안성시,19,11,16
2025,안성시,268,35,227
2025,안성시,466,56,375
2025,안성시,11,7,11
2025,안성시,40,21,34
2025,안성시,9,5,8
2025,안성시,22,11,20
2025,안성시,147,26,116
2025,안성시,3,2,3
2025,안성시,164,32,111
2025,안성시,14,7,12
2025,안성시,59,20,49
2025,안성시,5,4,5
2025,안성시,115,24,81
2025,안성시,98,30,76
2025,안성시,7,5,4
2025,안성시,114,19,100
2025,안성시,19,11,17
2025,안성시,41,18,35
2025,안성시,23,11,20
2025,안성시,1,1,1
2025,안성시,47,16,41
2025,안성시,20,11,14
2025,안성시,261,35,193
2025,안성시,154,30,102
2025,안성시,13,8,11
2025,안성시,16,10,13
2025,안성시,129,29,107
2025,안성시,11,7,10
2025,안성시,217,38,168
2025,안성시,30,12,23
2025,안성시,288,37,199
2025,안성시,296,40,165
2025,안성시,89,22,70
2025,안성시,12,7,10
2025,안성시,5320,106,4142
2025,안성시,16,6,9
2025,안양시,95,23,88
2025,안양시,49,15,45
2025,안양시,108,25,98
2025,안양시,70,17,67
2025,안양시,234,36,223
2025,안양시,48,11,46
2025,안양시,129,25,126
2025,오산시,437,43,309
2025,오산시,26,12,19
2025,오산시,891,56,686
2025,오산시,331,40,248
2025,오산시,2215,78,1644
2025,오산시,1742,61,1314
2025,오산시,821,56,617
2025,오산시,557,42,423
2025,오산시,25,12,12
2025,오산시,29,11,19
2025,오산시,1150,59,911
2025,오산시,361,40,279
2025,오산시,25,13,18
2025,오산시,622,54,472
2025,오산시,1122,57,862
2025,오산시,709,52,547
2025,오산시,1597,70,1236
2025,오산시,485,50,340
2025,오산시,3095,79,2420
2025,오산시,424,42,302
2025,오산시,408,42,312
2025,오산시,258,46,182
2025,오산시,612,52,470
2025,오산시,100,24,65
2025,의왕시,344,38,270
2025,의왕시,2506,80,1918
2025,의왕시,1557,68,1139
2025,의왕시,2255,77,1762
2025,의왕시,424,43,325
2025,의왕시,69,24,38
2025,의왕시,82,18,59
2025,의왕시,573,54,419
2025,의왕시,149,25,94
2025,의왕시,1382,68,1070
2025,의왕시,654,54,457
2025,이천시,851,57,610
2025,이천시,136,34,95
2025,이천시,515,47,381
2025,이천시,51,13,34
2025,이천시,1014,62,697
2025,이천시,101,22,42
2025,이천시,1273,77,871
2025,이천시,373,48,178
2025,이천시,1173,72,768
2025,이천시,2625,76,1890
2025,이천시,349,43,242
2025,이천시,301,51,173
2025,이천시,990,67,738
2025,이천시,1465,81,911
2025,이천시,617,49,441
2025,이천시,198,36,102
2025,이천시,31,12,23
2025,이천시,56,22,33
2025,이천시,926,63,582
2025,이천시,576,50,426
2025,이천시,120,25,91
2025,이천시,1241,61,965
2025,이천시,46,14,30
2025,이천시,1399,66,1051
2025,이천시,440,55,280
2025,파주시,396,40,276
2025,파주시,1412,75,588
2025,파주시,248,37,83
2025,파주시,372,35,302
2025,파주시,19,7,14
2025,파주시,33,14,27
2025,파주시,281,38,198
2025,파주시,3850,93,2848
2025,파주시,1160,61,901
2025,파주시,269,35,186
2025,파주시,4267,97,3134
2025,파주시,51,15,34
2025,파주시,4695,100,3582
2025,파주시,859,66,593
2025,파주시,3739,93,2638
2025,파주시,2245,78,703
2025,파주시,183,44,111
2025,파주시,911,72,453
2025,파주시,55,17,37
2025,파주시,66,20,31
2025,파주시,67,26,52
2025,파주시,1207,60,901
2025,파주시,4771,98,3316
2025,파주시,428,54,306
2025,파주시,77,24,42
2025,파주시,75,26,42
2025,파주시,3307,84,2530
2025,파주시,693,67,435
2025,파주시,511,48,348
2025,파주시,2231,88,1533
2025,파주시,10,6,5
2025,파주시,1368,84,855
2025,파주시,1431,73,857
2025,파주시,310,40,187
2025,파주시,86,28,45
2025,화성시,65,21,39
2025,화성시,1085,65,797
2025,화성시,1305,68,975
2025,화성시,96,25,77
2025,화성시,3714,106,2506
2025,화성시,3578,84,2728
2025,화성시,112,30,83
2025,화성시,723,56,403
2025,화성시,514,42,339
2025,화성시,1826,63,1375
2025,화성시,2,2,2
2025,화성시,1,1,1
2025,화성시,5317,99,4101
2025,화성시,2053,77,1569
2025,화성시,147,31,101
2025,화성시,182,35,119
2025,화성시,57,22,42
2025,화성시,3956,88,3006
2025,화성시,7363,107,5224
2025,화성시,9,5,6
2025,화성시,649,57,382
2025,화성시,2541,70,1872
2025,화성시,1518,63,1115
2025,화성시,599,60,376
2025,화성시,960,52,790
2025,화성시,671,58,512
2025,화성시,10,5,2
2025,화성시,802,56,558
2025,화성시,980,64,581
2025,화성시,3,3,2
2025,화성시,16,9,14
2025,화성시,345,49,239
2025,화성시,1,1,1
2025,화성시,1358,73,878
2025,화성시,2,2,2
2025,화성시,391,47,210
2025,화성시,3229,80,2055
2025,화성시,2066,75,1556
2025,화성시,1659,75,1013
2025,화성시,3,3,2
2025,화성시,4,2,3
2025,화성시,1210,66,658
2025,화성시,2,2,1
2025,화성시,1839,70,1343
2025,화성시,1025,67,653
2025,화성시,51,17,15
2025,화성시,2148,82,1526
2025,화성시,2801,73,2229
2025,화성시,1058,62,560
2025,화성시,6766,107,4753
2025,화성시,13,5,9
2025,화성시,60,18,29
2024,가평군,7428,120,4537
2024,가평군,1806,74,1169
2024,가평군,496,52,294
2024,가평군,910,59,528
2024,가평군,1760,82,1002
2024,가평군,928,85,576
2024,가평군,1528,73,968
2024,광주시,1224,73,864
2024,광주시,281,39,177
2024,광주시,2034,84,1308
2024,광주시,148,35,75
2024,광주시,242,31,121
2024,광주시,599,60,362
2024,광주시,1106,76,519
2024,광주시,128,30,82
2024,광주시,135,35,87
2024,광주시,1358,70,923
2024,광주시,210,38,128
2024,광주시,650,59,455
2024,광주시,1888,81,1369
2024,광주시,1001,71,601
2024,광주시,1313,65,977
2024,광주시,500,47,342
2024,광주시,764,50,589
2024,광주시,8536,125,5927
2024,광주시,1040,65,724
2024,광주시,366,38,264
2024,광주시,41,12,16
2024,광주시,80,26,43
2024,광주시,4163,112,2761
2024,광주시,1327,71,974
2024,광주시,2695,90,1987
2024,광주시,1700,78,1019
2024,광주시,1118,69,736
2024,부천시,11,5,11
2024,부천시,2,2,2
2024,부천시,226,31,198
2024,부천시,175,36,159
2024,부천시,1,1,1
2024,부천시,2,2,2
2024,부천시,52,16,46
2024,부천시,1,1,1
2024,부천시,102,19,91
2024,부천시,84,23,80
2024,부천시,1,1,1
2024,부천시,46,13,39
2024,부천시,1,1,1
2024,부천시,5,3,4
2024,부천시,363,45,322
2024,부천시,23,10,21
2024,부천시,278,34,245
2024,부천시,12,8,10
2024,부천시,208,30,166
2024,부천시,3,2,2
2024,부천시,7,6,6
2024,부천시,314,35,267
2024,부천시,160,26,142
2024,부천시,2,2,2
2024,부천시,2,2,2
2024,부천시,74,14,65
2024,부천시,79,21,73
2024,부천시,3,3,3
2024,부천시,112,26,102
2024,부천시,0,7,7
2024,부천시,88,24,75
2024,부천시,1,1,1
2024,부천시,123,23,108
2024,부천시,2,1,2
2024,부천시,141,26,120
2024,부천시,7,4,5
2024,부천시,6,4,6
2024,부천시,228,32,202
2024,부천시,36,13,34
2024,부천시,555,48,489
2024,부천시,13,6,11
2024,부천시,55,17,50
2024,수원시,1362,69,989
2024,수원시,1340,68,968
2024,수원시,2239,83,1557
2024,수원시,226,36,150
2024,수원시,1995,73,1496
2024,수원시,136,25,97
2024,수원시,6931,103,5110
2024,수원시,3405,86,2523
2024,수원시,109,30,77
2024,수원시,118,32,79
2024,수원시,709,49,542
2024,수원시,3333,86,2647
2024,수원시,722,57,513
2024,수원시,190,32,124
2024,수원시,457,42,340
2024,수원시,318,46,222
2024,수원시,6528,105,5037
2024,수원시,116,22,77
2024,수원시,170,43,109
2024,수원시,18,10,9
2024,수원시,1544,68,1066
2024,수원시,4960,106,3542
2024,수원시,1788,72,1326
2024,수원시,439,45,320
2024,수원시,165,34,113
2024,수원시,1536,76,1079
2024,수원시,42,16,26
2024,수원시,5106,100,4094
2024,수원시,1805,68,1321
2024,수원시,1718,71,1260
2024,수원시,2947,81,2191
2024,수원시,2543,81,1886
2024,수원시,1734,69,1356
2024,수원시,470,51,345
2024,수원시,3726,88,2694
2024,수원시,4613,87,3278
2024,수원시,510,47,387
2024,수원시,94,26,68
2024,수원시,19,8,14
2024,수원시,6054,95,4686
2024,수원시,3814,75,2875
2024,수원시,59,16,42
2024,수원시,1259,70,855
2024,수원시,1722,66,1397
2024,수원시,1972,73,1403
2024,수원시,1562,66,1170
2024,수원시,31,12,22
2024,수원시,54,17,31
2024,수원시,43,17,30
2024,수원시,189,30,141
2024,수원시,4,2,4
2024,수원시,53,19,22
2024,수원시,2153,74,1525
2024,수원시,3001,72,2251
2024,수원시,3640,82,2780
2024,안산시,151,53,671
2024,안산시,1020,93,5572
2024,안산시,95,41,170
2024,안산시,55,37,129
2024,안산시,54,36,176
2024,안산시,0,5,6
2024,안산시,1074,107,5269
2024,안산시,577,83,2074
2024,안산시,1326,109,5843
2024,안산시,47,25,127
2024,안산시,19,17,30
2024,안산시,729,93,4012
2024,안산시,2,20,40
2024,안산시,326,70,1450
2024,안산시,67,47,362
2024,안산시,246,75,1275
2024,안산시,7,18,27
2024,안산시,551,87,2938
2024,안산시,237,76,1860
2024,안산시,8,20,32
2024,안산시,513,87,2184
2024,안산시,329,73,1422
2024,안산시,457,79,1938
2024,안산시,28,36,176
2024,안산시,3,11,14
2024,안산시,463,80,2655
2024,안산시,65,43,229
2024,안산시,46,32,111
2024,안산시,2,4,4
2024,안산시,3,16,27
2024,안양시,281,39,251
2024,안양시,147,24,126
2024,안양시,253,37,223
2024,안양시,210,31,185
2024,안양시,567,44,503
2024,안양시,159,25,138
2024,안양시,296,34,270
2024,여주시,38,16,33
2024,여주시,4,7,16
2024,여주시,48,13,44
2024,여주시,20,4,6
2024,여주시,7,2,2
2024,여주시,2,1,1
2024,여주시,1,6,23
2024,여주시,28,1,1
2024,여주시,1,4,6
2024,여주시,6,10,20
2024,여주시,25,4,5
2024,여주시,5,2,3
2024,여주시,4,1,1
2024,여주시,9,5,8
2024,여주시,18,40,347
2024,여주시,1,2,2
2024,여주시,4,5,3
2024,여주시,5,1,1
2024,여주시,1,12,23
2024,여주시,28,4,3
2024,여주시,4,8,9
2024,여주시,10,10,16
2024,여주시,17,6,10
2024,여주시,10,8,18
2024,여주시,10,9,10
2024,여주시,21,3,3
2024,여주시,4,11,21
2024,여주시,7,4,7
2024,여주시,26,10,17
2024,여주시,18,7,14
2024,여주시,17,10,17
2024,연천군,200,35,126
2024,연천군,307,32,81
2024,연천군,139,32,93
2024,연천군,148,25,96
2024,연천군,381,46,247
2024,연천군,42,11,26
2024,연천군,52,13,34
2024,연천군,1208,77,863
2024,연천군,14,8,8
2024,연천군,341,41,209
2024,이천시,819,56,594
2024,이천시,133,33,92
2024,이천시,491,47,366
2024,이천시,52,14,35
2024,이천시,964,60,666
2024,이천시,101,22,42
2024,이천시,1161,72,807
2024,이천시,361,47,177
2024,이천시,1106,71,723
2024,이천시,2501,73,1803
2024,이천시,328,43,228
2024,이천시,382,59,162
2024,이천시,949,67,715
2024,이천시,1405,79,874
2024,이천시,567,49,413
2024,이천시,189,35,96
2024,이천시,27,10,21
2024,이천시,55,22,33
2024,이천시,890,61,554
2024,이천시,563,52,419
2024,이천시,105,24,80
2024,이천시,1187,58,922
2024,이천시,43,14,29
2024,이천시,1344,64,1015
2024,이천시,405,54,258
2024,파주시,12,4,9
2024,파주시,7,6,7
2024,파주시,2,2,2
2024,파주시,1,1,1
2024,파주시,2,2,2
2024,파주시,38,14,33
2024,파주시,22,8,21
2024,파주시,5,3,4
2024,파주시,66,20,64
2024,파주시,66,18,64
2024,파주시,9,6,8
2024,파주시,51,10,47
2024,파주시,7,5,6
2024,파주시,2,2,2
2024,파주시,15,8,9
2024,파주시,1,1,1
2024,파주시,3,2,2
2024,파주시,10,5,10
2024,파주시,52,21,44
2024,파주시,4,4,4
2024,파주시,1,1,1
2024,파주시,37,14,36
2024,파주시,2,2,2
2024,파주시,3,3,3
2024,파주시,23,8,23
2024,파주시,18,7,17
2024,파주시,10,4,8
2024,파주시,13,3,4
2024,파주시,2,2,2
2024,평택시,18,10,16
2024,평택시,394,38,346
2024,평택시,104,24,91
2024,평택시,28,12,21
2024,평택시,1,1,1
2024,평택시,44,15,36
2024,평택시,316,38,261
2024,평택시,3,2,3
2024,평택시,354,39,307
2024,평택시,241,35,191
2024,평택시,29,15,27
2024,평택시,158,24,138
2024,평택시,85,25,76
2024,평택시,11,7,8
2024,평택시,152,29,124
2024,평택시,232,31,202
2024,평택시,38,13,31
2024,평택시,257,29,224
2024,평택시,2,2,2
2024,평택시,4,3,4
2024,평택시,92,23,83
2024,평택시,46,17,40
2024,평택시,17,8,16
2024,평택시,124,24,110
2024,평택시,210,35,166
2024,평택시,29,10,22
2024,평택시,75,21,54
2024,평택시,2,2,2
2024,평택시,173,26,148
2024,평택시,6,3,5
2024,평택시,98,19,86
2024,평택시,64,18,59
2024,평택시,336,49,262
2024,평택시,47,12,40
2024,평택시,128,27,113
2024,평택시,117,26,100
2024,평택시,29,9,23
2024,포천시,214,29,134
2024,포천시,1054,69,506
2024,포천시,422,50,229
2024,포천시,108,24,66
2024,포천시,1326,70,803
2024,포천시,137,25,75
2024,포천시,5292,95,2618
2024,포천시,1378,74,783
2024,포천시,1742,70,1116
2024,포천시,352,48,197
2024,포천시,650,53,445
2024,포천시,675,46,264
2024,포천시,535,49,309
2024,포천시,868,63,484
2024,포천시,91,18,51
2024,포천시,215,34,92
2024,포천시,229,36,136
2024,하남시,13,6,12
2024,하남시,127,19,112
2024,하남시,58,11,49
2024,하남시,2,1,2
2024,하남시,3,2,1
2024,하남시,317,38,277
2024,하남시,541,49,459
2024,하남시,7,5,6
2024,하남시,2,1,2
2024,하남시,4,2,2
2024,하남시,6,4,6
2024,하남시,92,20,84
2024,하남시,204,38,176
2024,하남시,71,15,62
2024,하남시,13,6,10
2024,하남시,12,8,10
2024,하남시,7,4,7
2024,하남시,4,3,4
2024,하남시,219,19,142
2024,하남시,4,3,3
2024,하남시,40,11,10
2024,하남시,132,27,111
2024,하남시,1,1,1
2023,가평군,7225,120,4426
2023,가평군,1758,73,1143
2023,가평군,486,52,291
2023,가평군,876,57,510
2023,가평군,1710,81,974
2023,가평군,899,85,556
2023,가평군,1496,72,952
2023,고양시,1469,66,1001
2023,고양시,62,15,29
2023,고양시,1744,67,1287
2023,고양시,1348,68,961
2023,고양시,164,32,97
2023,고양시,89,27,58
2023,고양시,1406,72,949
2023,고양시,189,34,128
2023,고양시,117,29,88
2023,고양시,4428,104,3207
2023,고양시,243,48,166
2023,고양시,2774,86,1828
2023,고양시,1209,61,918
2023,고양시,1457,67,816
2023,고양시,3060,74,2417
2023,고양시,160,39,105
2023,고양시,4708,107,3452
2023,고양시,140,31,91
2023,고양시,289,37,157
2023,고양시,6,4,4
2023,고양시,582,52,387
2023,고양시,35,15,26
2023,고양시,1539,74,1072
2023,고양시,85,18,23
2023,고양시,312,46,171
2023,고양시,2239,76,1641
2023,고양시,1189,74,719
2023,고양시,3318,88,2506
2023,고양시,1295,60,972
2023,고양시,19,9,9
2023,고양시,178,32,123
2023,고양시,157,37,93
2023,고양시,154,32,93
2023,고양시,1446,69,1053
2023,고양시,5283,87,4208
2023,고양시,4461,93,2889
2023,고양시,2173,83,1596
2023,고양시,1429,65,1057
2023,고양시,3916,92,3097
2023,고양시,3458,84,2618
2023,고양시,62,22,44
2023,고양시,649,50,460
2023,고양시,3950,93,3067
2023,고양시,2824,89,1723
2023,고양시,2954,83,2268
2023,고양시,80945,175,59256
2023,고양시,6193,96,4948
2023,고양시,87,25,65
2023,고양시,55,17,35
2023,고양시,813,52,608
2023,고양시,129,40,72
2023,고양시,256,35,164
2023,고양시,4605,96,3666
2023,고양시,38,18,24
2023,과천시,192,109,128
2023,과천시,288,125,181
2023,과천시,2,2,2
2023,과천시,8,3,4
2023,과천시,236,129,152
2023,과천시,462,261,294
2023,과천시,352,187,216
2023,과천시,375,207,233
2023,과천시,125,66,85
2023,과천시,442,187,264
2023,광주시,122,25,102
2023,광주시,16,9,15
2023,광주시,203,40,160
2023,광주시,19,11,16
2023,광주시,22,11,15
2023,광주시,66,18,58
2023,광주시,98,24,78
2023,광주시,18,8,15
2023,광주시,9,5,9
2023,광주시,98,23,81
2023,광주시,29,12,27
2023,광주시,59,12,54
2023,광주시,136,23,121
2023,광주시,94,21,82
2023,광주시,121,27,105
2023,광주시,81,22,65
2023,광주시,89,20,75
2023,광주시,619,57,542
2023,광주시,111,22,98
2023,광주시,22,10,20
2023,광주시,571,56,288
2023,광주시,8,5,8
2023,광주시,11,6,11
2023,광주시,119,24,104
2023,광주시,237,31,216
2023,광주시,183,28,136
2023,광주시,95,17,80
2023,부천시,21,10,21
2023,부천시,3,1,3
2023,부천시,28,10,23
2023,부천시,207,33,186
2023,부천시,143,24,129
2023,부천시,27,10,22
2023,부천시,8,6,8
2023,부천시,42,11,39
2023,부천시,1,1,1
2023,부천시,17,6,13
2023,부천시,119,22,94
2023,부천시,61,17,57
2023,부천시,5,5,5
2023,부천시,46,14,39
2023,부천시,6,4,6
2023,부천시,337,39,307
2023,부천시,53,19,42
2023,부천시,4,3,3
2023,부천시,26,9,23
2023,부천시,268,38,240
2023,부천시,48,19,39
2023,부천시,25,8,17
2023,부천시,194,30,171
2023,부천시,49,14,41
2023,부천시,295,37,259
2023,부천시,30,11,24
2023,부천시,179,28,156
2023,부천시,10,4,9
2023,부천시,72,20,66
2023,부천시,13,6,10
2023,부천시,95,21,80
2023,부천시,136,26,117
2023,부천시,24,9,21
2023,부천시,10,4,5
2023,부천시,120,21,108
2023,부천시,11,7,10
2023,부천시,113,23,107
2023,부천시,159,22,144
2023,부천시,29,16,21
2023,부천시,39,10,33
2023,부천시,259,32,226
2023,부천시,6,5,4
2023,부천시,42,15,39
2023,부천시,643,44,573
2023,부천시,77,16,64
2023,부천시,45,12,44
2023,부천시,15,6,11
2023,성남시,25,13,23
2023,성남시,77,23,69
2023,성남시,5,3,4
2023,성남시,66,18,61
2023,성남시,87,20,79
2023,성남시,1,1,1
2023,성남시,38,17,35
2023,성남시,32,12,31
2023,성남시,46,13,42
2023,성남시,2,2,1
2023,성남시,89,22,81
2023,성남시,24,15,23
2023,성남시,73,20,63
2023,성남시,3,3,3
2023,성남시,18,7,16
2023,성남시,51,18,47
2023,성남시,104,20,95
2023,성남시,2,1,2
2023,성남시,143,27,128
2023,성남시,102,26,94
2023,성남시,122,26,112
2023,성남시,101,23,69
2023,성남시,12,7,10
2023,성남시,130,24,117
2023,성남시,1,1,1
2023,성남시,124,24,108
2023,성남시,26,11,24
2023,성남시,17,12,15
2023,성남시,1,1,1
2023,성남시,81,19,62
2023,성남시,7,5,6
2023,성남시,91,16,82
2023,성남시,72,19,66
2023,성남시,272,39,233
2023,성남시,40,15,37
2023,성남시,149,22,138
2023,성남시,164,31,153
2023,성남시,67,16,42
2023,성남시,43,14,39
2023,성남시,0,0,0
2023,수원시,1286,67,935
2023,수원시,1258,67,919
2023,수원시,2080,77,1468
2023,수원시,218,36,146
2023,수원시,1899,72,1432
2023,수원시,113,23,85
2023,수원시,6526,102,4857
2023,수원시,3178,80,2366
2023,수원시,107,30,75
2023,수원시,109,31,75
2023,수원시,637,46,493
2023,수원시,3140,83,2495
2023,수원시,624,52,448
2023,수원시,179,31,119
2023,수원시,430,41,323
2023,수원시,295,44,207
2023,수원시,6187,100,4823
2023,수원시,111,21,76
2023,수원시,162,39,105
2023,수원시,17,9,9
2023,수원시,1430,67,989
2023,수원시,4651,102,3343
2023,수원시,1701,71,1276
2023,수원시,408,43,299
2023,수원시,160,33,111
2023,수원시,1449,73,1030
2023,수원시,42,16,26
2023,수원시,4861,93,3917
2023,수원시,1723,67,1269
2023,수원시,1617,69,1190
2023,수원시,2767,79,2083
2023,수원시,2286,73,1736
2023,수원시,1635,68,1288
2023,수원시,449,50,327
2023,수원시,3362,85,2536
2023,수원시,4255,86,3061
2023,수원시,488,45,370
2023,수원시,90,26,67
2023,수원시,18,7,14
2023,수원시,5717,93,4440
2023,수원시,3621,73,2744
2023,수원시,48,15,35
2023,수원시,1201,66,820
2023,수원시,1626,65,1328
2023,수원시,1868,70,1340
2023,수원시,1486,64,1126
2023,수원시,29,12,20
2023,수원시,49,17,29
2023,수원시,41,17,29
2023,수원시,182,30,137
2023,수원시,4,2,4
2023,수원시,51,18,21
2023,수원시,2014,73,1439
2023,수원시,2791,71,2099
2023,수원시,3442,81,2639
2023,안양시,307,37,277
2023,안양시,168,27,155
2023,안양시,279,33,255
2023,안양시,236,31,207
2023,안양시,683,48,596
2023,안양시,148,20,138
2023,안양시,375,36,330
2023,여주시,80,20,73
2023,여주시,38,18,30
2023,여주시,69,19,63
2023,여주시,25,8,18
2023,여주시,4,3,3
2023,여주시,8,6,7
2023,여주시,44,19,33
2023,여주시,5,4,4
2023,여주시,16,6,12
2023,여주시,35,9,25
2023,여주시,18,8,15
2023,여주시,6,6,5
2023,여주시,2,1,1
2023,여주시,26,9,17
2023,여주시,50,16,39
2023,여주시,6,5,5
2023,여주시,2,1,2
2023,여주시,6,5,6
2023,여주시,4,3,4
2023,여주시,39,12,28
2023,여주시,4,4,4
2023,여주시,37,13,31
2023,여주시,34,11,27
2023,여주시,45,15,39
2023,여주시,14,7,14
2023,여주시,22,9,20
2023,여주시,3,2,3
2023,여주시,25,11,23
2023,여주시,63,16,55
2023,여주시,36,13,34
2023,여주시,41,13,26
2023,용인시,512,63,335
2023,용인시,1358,81,1358
2023,용인시,472,48,321
2023,용인시,1417,69,1021
2023,용인시,2505,76,1925
2023,용인시,1441,64,1134
2023,용인시,272,55,272
2023,용인시,1495,125,995
2023,용인시,215,39,171
2023,용인시,2179,77,1749
2023,용인시,2717,95,2062
2023,용인시,2195,77,1660
2023,용인시,740,51,560
2023,용인시,2237,138,1487
2023,용인시,877,58,440
2023,용인시,1932,72,1490
2023,용인시,2377,87,1890
2023,용인시,883,55,658
2023,용인시,672,52,525
2023,용인시,1792,77,1357
2023,용인시,5451,94,4321
2023,용인시,1136,62,866
2023,용인시,4123,92,3019
2023,용인시,2193,74,1721
2023,용인시,2865,80,2193
2023,용인시,2108,85,1334
2023,용인시,1256,64,1013
2023,용인시,1842,80,1396
2023,용인시,2663,88,2063
2023,용인시,148,37,97
2023,용인시,987,79,601
2023,용인시,1041,59,736
2023,용인시,2208,129,1189
2023,용인시,4704,92,3806
2023,용인시,3372,84,2436
2023,용인시,371,50,256
2023,용인시,1061,65,826
2023,용인시,2798,88,1919
2023,용인시,4916,94,3895
2023,용인시,366,50,248
2023,용인시,21,12,16
2023,용인시,38,15,38
2023,의정부시,262,33,233
2023,의정부시,70,22,57
2023,의정부시,85,17,76
2023,의정부시,119,26,109
2023,의정부시,104,18,61
2023,의정부시,216,33,196
2023,의정부시,52,18,52
2023,의정부시,359,36,277
2023,의정부시,142,23,126
2023,의정부시,383,44,352
2023,의정부시,2,2,2
2023,의정부시,56,15,51
2023,의정부시,201,27,177
2023,이천시,767,55,564
2023,이천시,112,31,80
2023,이천시,447,43,344
2023,이천시,53,17,35
2023,이천시,902,58,621
2023,이천시,98,21,39
2023,이천시,1044,69,730
2023,이천시,331,45,163
2023,이천시,977,66,647
2023,이천시,2333,70,1689
2023,이천시,309,40,215
2023,이천시,368,57,154
2023,이천시,879,64,658
2023,이천시,1273,77,786
2023,이천시,477,46,357
2023,이천시,180,33,89
2023,이천시,25,10,19
2023,이천시,55,21,32
2023,이천시,828,59,499
2023,이천시,536,49,399
2023,이천시,87,23,66
2023,이천시,1107,56,863
2023,이천시,42,14,29
2023,이천시,1283,63,977
2023,이천시,367,50,233
2023,파주시,29,10,25
2023,파주시,189,28,90
2023,파주시,12,8,9
2023,파주시,3,3,3
2023,파주시,25,11,24
2023,파주시,256,35,232
2023,파주시,121,21,106
2023,파주시,55,16,49
2023,파주시,432,40,371
2023,파주시,11,3,4
2023,파주시,406,40,363
2023,파주시,85,19,73
2023,파주시,324,44,262
2023,파주시,119,18,91
2023,파주시,9,6,9
2023,파주시,142,24,56
2023,파주시,11,6,8
2023,파주시,5,3,4
2023,파주시,5,5,5
2023,파주시,87,23,74
2023,파주시,391,49,323
2023,파주시,34,13,29
2023,파주시,5,4,4
2023,파주시,3,2,2
2023,파주시,296,36,235
2023,파주시,62,18,55
2023,파주시,85,14,63
2023,파주시,169,27,134
2023,파주시,1,1,1
2023,파주시,99,24,85
2023,파주시,154,29,122
2023,파주시,36,9,29
2023,파주시,10,6,6
2023,평택시,9,5,9
2023,평택시,327,34,282
2023,평택시,101,22,88
2023,평택시,19,12,17
2023,평택시,12,7,8
2023,평택시,37,14,31
2023,평택시,309,30,282
2023,평택시,1,1,1
2023,평택시,393,42,347
2023,평택시,256,36,223
2023,평택시,27,12,19
2023,평택시,154,29,133
2023,평택시,110,24,98
2023,평택시,12,10,10
2023,평택시,181,41,155
2023,평택시,279,33,246
2023,평택시,69,24,53
2023,평택시,296,35,261
2023,평택시,3,2,3
2023,평택시,2,2,2
2023,평택시,122,28,104
2023,평택시,63,19,47
2023,평택시,43,14,35
2023,평택시,122,26,108
2023,평택시,206,34,169
2023,평택시,30,9,25
2023,평택시,88,19,66
2023,평택시,3,3,3
2023,평택시,211,30,177
2023,평택시,6,2,3
2023,평택시,88,24,80
2023,평택시,77,23,67
2023,평택시,343,52,268
2023,평택시,38,13,35
2023,평택시,194,34,170
2023,평택시,122,27,101
2023,평택시,28,14,24
2023,포천시,781,65,343
2023,포천시,188,29,125
2023,포천시,984,65,464
2023,포천시,391,48,210
2023,포천시,110,26,66
2023,포천시,1241,68,751
2023,포천시,129,24,72
2023,포천시,5003,91,2437
2023,포천시,1288,71,740
2023,포천시,1672,72,1076
2023,포천시,301,41,163
2023,포천시,614,52,420
2023,포천시,656,47,254
2023,포천시,501,48,293
2023,포천시,798,60,448
2023,포천시,77,16,43
2023,포천시,188,31,75
2023,포천시,217,36,133
2023,하남시,9,5,9
2023,하남시,67,19,59
2023,하남시,43,13,36
2023,하남시,4,3,4
2023,하남시,2,2,2
2023,하남시,185,24,169
2023,하남시,356,44,327
2023,하남시,2,2,2
2023,하남시,6,6,5
2023,하남시,5,5,5
2023,하남시,79,18,72
2023,하남시,126,28,111
2023,하남시,39,10,36
2023,하남시,18,6,6
2023,하남시,3,2,2
2023,하남시,4,3,3
2023,하남시,111,23,99
2023,하남시,1,1,1
2023,하남시,4,3,3
2023,하남시,105,22,100
2023,하남시,0,0,0
2022,가평군,6694,412,4552
2022,가평군,1606,72,1067
2022,가평군,466,50,281
2022,가평군,812,56,481
2022,가평군,1606,80,918
2022,가평군,700,56,432
2022,가평군,1504,98,1373
2022,고양시,118,23,79
2022,고양시,187,32,161
2022,고양시,130,25,108
2022,고양시,21,12,14
2022,고양시,8,6,6
2022,고양시,179,30,148
2022,고양시,17,6,13
2022,고양시,14,6,14
2022,고양시,499,38,326
2022,고양시,25,8,21
2022,고양시,298,34,235
2022,고양시,161,29,143
2022,고양시,153,27,131
2022,고양시,202,26,184
2022,고양시,17,10,17
2022,고양시,404,48,340
2022,고양시,23,11,15
2022,고양시,29,14,26
2022,고양시,1,1,1
2022,고양시,68,20,55
2022,고양시,4,3,3
2022,고양시,202,30,152
2022,고양시,4,2,4
2022,고양시,32,16,27
2022,고양시,239,32,150
2022,고양시,136,28,97
2022,고양시,382,36,341
2022,고양시,123,26,107
2022,고양시,1,1,1
2022,고양시,40,17,36
2022,고양시,11,8,8
2022,고양시,34,11,21
2022,고양시,201,32,179
2022,고양시,404,35,356
2022,고양시,559,49,391
2022,고양시,191,35,162
2022,고양시,130,22,109
2022,고양시,324,42,268
2022,고양시,291,33,241
2022,고양시,8,5,6
2022,고양시,123,24,104
2022,고양시,338,42,301
2022,고양시,279,34,158
2022,고양시,204,35,177
2022,고양시,488,44,443
2022,고양시,9,6,7
2022,고양시,7,4,6
2022,고양시,159,24,144
2022,고양시,6,4,4
2022,고양시,21,8,17
2022,고양시,421,42,358
2022,고양시,8,7,6
2022,과천시,27,16,24
2022,과천시,16,9,12
2022,과천시,32,15,27
2022,과천시,69,18,58
2022,과천시,51,17,43
2022,과천시,51,18,50
2022,과천시,16,8,12
2022,과천시,64,18,40
2022,광주시,122,25,102
2022,광주시,16,9,15
2022,광주시,203,40,160
2022,광주시,19,11,16
2022,광주시,22,11,15
2022,광주시,66,18,58
2022,광주시,98,24,78
2022,광주시,18,8,15
2022,광주시,9,5,9
2022,광주시,98,23,81
2022,광주시,29,12,27
2022,광주시,59,12,54
2022,광주시,136,23,121
2022,광주시,94,21,82
2022,광주시,121,27,105
2022,광주시,81,22,65
2022,광주시,89,20,75
2022,광주시,619,57,542
2022,광주시,111,22,98
2022,광주시,22,10,20
2022,광주시,571,56,288
2022,광주시,8,5,8
2022,광주시,11,6,11
2022,광주시,119,24,104
2022,광주시,237,31,216
2022,광주시,183,28,136
2022,광주시,95,17,80
2022,김포시,124,21,111
2022,김포시,102,20,90
2022,김포시,298,41,267
2022,김포시,439,35,386
2022,김포시,117,21,87
2022,김포시,259,31,226
2022,김포시,78,14,69
2022,김포시,98,22,87
2022,김포시,273,36,218
2022,김포시,402,46,367
2022,김포시,80,15,62
2022,김포시,688,54,612
2022,김포시,315,35,261
2022,김포시,345,33,328
2022,김포시,92,17,70
2022,성남시,2,2,2
2022,성남시,49,14,47
2022,성남시,203,41,189
2022,성남시,12,10,12
2022,성남시,118,26,108
2022,성남시,136,24,120
2022,성남시,4,3,4
2022,성남시,83,24,73
2022,성남시,53,14,45
2022,성남시,75,20,61
2022,성남시,3,3,3
2022,성남시,161,36,134
2022,성남시,48,16,40
2022,성남시,127,27,113
2022,성남시,3,3,3
2022,성남시,16,8,15
2022,성남시,110,27,98
2022,성남시,251,32,212
2022,성남시,8,5,7
2022,성남시,233,40,213
2022,성남시,2,2,2
2022,성남시,209,29,175
2022,성남시,197,32,174
2022,성남시,190,34,120
2022,성남시,14,8,10
2022,성남시,6,4,6
2022,성남시,247,32,210
2022,성남시,10,5,9
2022,성남시,245,37,208
2022,성남시,54,12,48
2022,성남시,63,14,56
2022,성남시,7,5,5
2022,성남시,151,32,132
2022,성남시,8,5,8
2022,성남시,188,27,166
2022,성남시,175,34,150
2022,성남시,448,46,396
2022,성남시,59,16,52
2022,성남시,260,33,228
2022,성남시,310,43,264
2022,성남시,116,24,99
2022,성남시,86,15,73
2022,성남시,2,2,1
2022,수원시,1166,63,846
2022,수원시,1176,63,876
2022,수원시,1878,70,1343
2022,수원시,213,36,145
2022,수원시,1803,70,1370
2022,수원시,95,20,70
2022,수원시,6101,101,4598
2022,수원시,2966,77,2172
2022,수원시,106,30,76
2022,수원시,104,28,72
2022,수원시,518,41,407
2022,수원시,2940,81,2360
2022,수원시,489,46,356
2022,수원시,172,30,112
2022,수원시,395,42,298
2022,수원시,288,44,202
2022,수원시,5951,99,4646
2022,수원시,103,21,72
2022,수원시,148,39,99
2022,수원시,15,7,7
2022,수원시,1283,64,912
2022,수원시,4364,99,3148
2022,수원시,1631,65,1226
2022,수원시,383,43,283
2022,수원시,152,32,107
2022,수원시,1377,71,976
2022,수원시,42,16,26
2022,수원시,4641,84,3766
2022,수원시,1691,67,1213
2022,수원시,1452,65,1086
2022,수원시,2633,79,1997
2022,수원시,2035,69,1558
2022,수원시,1557,64,1236
2022,수원시,412,50,295
2022,수원시,3062,82,2389
2022,수원시,3898,82,2833
2022,수원시,448,43,346
2022,수원시,86,25,66
2022,수원시,16,5,12
2022,수원시,5333,89,4186
2022,수원시,3471,70,2653
2022,수원시,49,13,36
2022,수원시,1170,65,805
2022,수원시,1559,57,1282
2022,수원시,1760,74,1270
2022,수원시,1377,59,1056
2022,수원시,27,11,19
2022,수원시,50,18,30
2022,수원시,45,16,31
2022,수원시,171,29,132
2022,수원시,3,2,3
2022,수원시,31,16,19
2022,수원시,1774,66,1343
2022,수원시,2517,67,1916
2022,수원시,3285,76,2549
2022,안양시,393,44,353
2022,안양시,192,30,177
2022,안양시,324,32,296
2022,안양시,317,38,283
2022,안양시,832,54,726
2022,안양시,193,22,179
2022,안양시,418,36,374
2022,양주시,105,23,96
2022,양주시,65,22,54
2022,양주시,87,21,74
2022,양주시,122,24,66
2022,양주시,60,43,49
2022,양주시,3,3,3
2022,양주시,150,30,133
2022,양주시,133,28,104
2022,양주시,8,4,6
2022,양주시,61,14,54
2022,양주시,214,33,161
2022,양주시,4,4,4
2022,양주시,13,9,11
2022,양주시,133,25,110
2022,양주시,1,1,1
2022,양주시,501,45,447
2022,양주시,4,3,3
2022,양주시,1,1,1
2022,양주시,35,10,32
2022,양주시,56,21,49
2022,양주시,4,4,4
2022,양주시,32,12,28
2022,양평군,86,26,75
2022,양평군,73,18,49
2022,양평군,39,16,34
2022,양평군,50,13,40
2022,양평군,124,34,95
2022,양평군,40,10,22
2022,양평군,146,24,110
2022,양평군,270,35,208
2022,양평군,85,19,68
2022,양평군,181,33,146
2022,양평군,71,22,57
2022,양평군,44,15,24
2022,여주시,98,14,88
2022,여주시,38,14,19
2022,여주시,46,16,41
2022,여주시,31,8,22
2022,여주시,2,2,1
2022,여주시,9,7,9
2022,여주시,2,2,2
2022,여주시,70,18,45
2022,여주시,4,3,4
2022,여주시,13,6,11
2022,여주시,46,14,32
2022,여주시,18,11,17
2022,여주시,2,1,1
2022,여주시,32,13,21
2022,여주시,37,16,34
2022,여주시,4,3,4
2022,여주시,9,5,6
2022,여주시,13,9,10
2022,여주시,5,3,5
2022,여주시,33,12,30
2022,여주시,5,3,4
2022,여주시,33,15,29
2022,여주시,40,14,31
2022,여주시,40,12,38
2022,여주시,8,5,7
2022,여주시,27,10,24
2022,여주시,6,3,5
2022,여주시,31,14,30
2022,여주시,49,15,45
2022,여주시,75,13,28
2022,여주시,32,11,26
2022,용인시,499,62,325
2022,용인시,1744,80,1306
2022,용인시,457,48,311
2022,용인시,1361,69,980
2022,용인시,2418,71,1868
2022,용인시,1387,64,1094
2022,용인시,455,53,261
2022,용인시,1435,124,957
2022,용인시,206,38,164
2022,용인시,2099,76,1692
2022,용인시,2612,91,1995
2022,용인시,2144,76,1628
2022,용인시,714,49,545
2022,용인시,2155,138,1436
2022,용인시,830,58,421
2022,용인시,1867,71,1449
2022,용인시,2319,87,1847
2022,용인시,848,54,642
2022,용인시,650,52,509
2022,용인시,1733,75,1320
2022,용인시,5293,92,4200
2022,용인시,1099,61,842
2022,용인시,3987,90,2940
2022,용인시,2121,72,1676
2022,용인시,2782,80,2137
2022,용인시,2037,84,1288
2022,용인시,1217,64,986
2022,용인시,1757,78,1339
2022,용인시,2582,87,2001
2022,용인시,147,37,96
2022,용인시,947,78,579
2022,용인시,1000,58,710
2022,용인시,2025,128,1147
2022,용인시,4580,91,3714
2022,용인시,3239,83,2344
2022,용인시,358,48,246
2022,용인시,1023,64,803
2022,용인시,2669,84,1841
2022,용인시,4784,94,3805
2022,용인시,359,50,244
2022,용인시,21,12,16
2022,용인시,56,15,37
2022,의정부시,404,44,344
2022,의정부시,96,17,86
2022,의정부시,158,25,136
2022,의정부시,222,29,193
2022,의정부시,145,26,119
2022,의정부시,385,43,338
2022,의정부시,81,22,69
2022,의정부시,510,45,432
2022,의정부시,204,41,178
2022,의정부시,745,54,627
2022,의정부시,7,4,5
2022,의정부시,90,22,85
2022,의정부시,406,44,359
2022,이천시,725,54,534
2022,이천시,103,31,77
2022,이천시,432,43,332
2022,이천시,47,17,32
2022,이천시,851,57,582
2022,이천시,96,20,38
2022,이천시,962,65,679
2022,이천시,313,44,151
2022,이천시,937,64,623
2022,이천시,2214,70,1606
2022,이천시,291,37,208
2022,이천시,352,55,145
2022,이천시,838,63,627
2022,이천시,1216,75,751
2022,이천시,439,44,329
2022,이천시,177,33,86
2022,이천시,24,10,18
2022,이천시,52,21,31
2022,이천시,773,57,468
2022,이천시,501,48,372
2022,이천시,80,21,62
2022,이천시,1046,54,817
2022,이천시,42,14,29
2022,이천시,1224,62,937
2022,이천시,345,50,218
2022,파주시,42,15,35
2022,파주시,224,31,72
2022,파주시,11,8,10
2022,파주시,2,2,2
2022,파주시,3,1,2
2022,파주시,28,10,24
2022,파주시,285,33,262
2022,파주시,143,28,127
2022,파주시,40,15,34
2022,파주시,440,43,382
2022,파주시,5,3,5
2022,파주시,399,45,369
2022,파주시,66,20,53
2022,파주시,355,38,303
2022,파주시,100,22,71
2022,파주시,14,10,13
2022,파주시,76,24,53
2022,파주시,1,1,1
2022,파주시,5,3,4
2022,파주시,112,24,88
2022,파주시,489,48,393
2022,파주시,44,19,39
2022,파주시,7,6,5
2022,파주시,10,8,9
2022,파주시,501,40,331
2022,파주시,62,19,49
2022,파주시,68,15,57
2022,파주시,183,32,158
2022,파주시,141,28,105
2022,파주시,134,31,110
2022,파주시,27,14,20
2022,파주시,8,6,7
2022,평택시,23,10,21
2022,평택시,323,37,287
2022,평택시,126,33,107
2022,평택시,30,16,23
2022,평택시,5,4,5
2022,평택시,65,16,52
2022,평택시,317,35,288
2022,평택시,409,49,355
2022,평택시,330,34,287
2022,평택시,29,17,25
2022,평택시,189,32,173
2022,평택시,114,28,104
2022,평택시,10,5,7
2022,평택시,186,36,157
2022,평택시,265,38,230
2022,평택시,67,25,43
2022,평택시,283,33,254
2022,평택시,14,7,9
2022,평택시,9,6,9
2022,평택시,151,24,139
2022,평택시,74,15,63
2022,평택시,50,17,48
2022,평택시,166,29,140
2022,평택시,257,42,201
2022,평택시,22,6,17
2022,평택시,94,22,78
2022,평택시,10,4,3
2022,평택시,221,31,193
2022,평택시,8,5,6
2022,평택시,104,19,92
2022,평택시,78,18,68
2022,평택시,370,49,281
2022,평택시,41,17,37
2022,평택시,201,34,175
2022,평택시,153,22,128
2022,평택시,31,14,27
2022,포천시,731,62,316
2022,포천시,177,28,116
2022,포천시,925,62,438
2022,포천시,371,46,193
2022,포천시,103,26,60
2022,포천시,1150,62,701
2022,포천시,112,24,63
2022,포천시,4723,91,2268
2022,포천시,1170,70,670
2022,포천시,1585,69,1018
2022,포천시,267,38,140
2022,포천시,569,50,387
2022,포천시,623,46,237
2022,포천시,459,46,270
2022,포천시,713,60,414
2022,포천시,72,16,39
2022,포천시,172,29,67
2022,포천시,201,34,125
2022,하남시,15,7,11
2022,하남시,108,21,93
2022,하남시,68,19,57
2022,하남시,2,2,2
2022,하남시,7,4,6
2022,하남시,312,39,288
2022,하남시,757,54,675
2022,하남시,5,3,5
2022,하남시,7,4,6
2022,하남시,7,3,6
2022,하남시,105,26,102
2022,하남시,190,32,174
2022,하남시,58,16,52
2022,하남시,20,12,18
2022,하남시,6,5,6
2022,하남시,6,4,6
2022,하남시,8,3,7
2022,하남시,229,33,208
2022,하남시,2,1,2
2022,하남시,13,8,11
2022,하남시,181,30,164
2022,하남시,4,3,4
2021,가평군,5760,394,3604
2021,가평군,1350,66,911
2021,가평군,415,49,256
2021,가평군,665,54,398
2021,가평군,1413,78,802
2021,가평군,559,53,352
2021,가평군,1358,94,885
2021,고양시,268,33,208
2021,고양시,29,6,8
2021,고양시,268,41,231
2021,고양시,244,35,197
2021,고양시,22,11,18
2021,고양시,20,9,16
2021,고양시,285,41,220
2021,고양시,40,15,33
2021,고양시,27,13,18
2021,고양시,702,57,601
2021,고양시,21,8,20
2021,고양시,566,53,424
2021,고양시,256,32,232
2021,고양시,251,44,223
2021,고양시,402,38,363
2021,고양시,37,15,20
2021,고양시,698,57,580
2021,고양시,33,8,21
2021,고양시,70,14,38
2021,고양시,96,21,70
2021,고양시,3,2,3
2021,고양시,331,38,278
2021,고양시,14,4,4
2021,고양시,47,17,42
2021,고양시,341,43,295
2021,고양시,216,40,176
2021,고양시,542,56,480
2021,고양시,279,26,246
2021,고양시,50,17,41
2021,고양시,39,14,22
2021,고양시,35,14,21
2021,고양시,314,37,263
2021,고양시,756,47,670
2021,고양시,809,54,564
2021,고양시,288,37,240
2021,고양시,247,30,199
2021,고양시,515,47,447
2021,고양시,533,45,473
2021,고양시,16,8,13
2021,고양시,158,26,118
2021,고양시,635,51,554
2021,고양시,508,46,319
2021,고양시,447,40,388
2021,고양시,991,60,875
2021,고양시,18,10,17
2021,고양시,8,6,7
2021,고양시,221,29,197
2021,고양시,29,17,17
2021,고양시,41,16,33
2021,고양시,565,55,509
2021,고양시,9,5,5
2021,과천시,19,10,17
2021,과천시,93,18,67
2021,과천시,1,1,1
2021,과천시,4,4,3
2021,과천시,62,22,55
2021,과천시,127,29,113
2021,과천시,106,22,94
2021,과천시,91,20,83
2021,과천시,51,17,39
2021,과천시,120,22,87
2021,광주시,169,31,119
2021,광주시,5,3,5
2021,광주시,341,46,262
2021,광주시,30,12,19
2021,광주시,56,15,29
2021,광주시,29,15,18
2021,광주시,146,24,110
2021,광주시,2,2,2
2021,광주시,20,12,16
2021,광주시,194,29,164
2021,광주시,8,4,7
2021,광주시,102,27,86
2021,광주시,262,40,218
2021,광주시,35,13,25
2021,광주시,167,28,148
2021,광주시,11,8,8
2021,광주시,89,18,81
2021,광주시,1699,79,1421
2021,광주시,150,27,124
2021,광주시,48,12,43
2021,광주시,1078,68,486
2021,광주시,7,5,7
2021,광주시,3,2,3
2021,광주시,167,30,147
2021,광주시,428,42,375
2021,광주시,340,42,265
2021,광주시,136,26,118
2021,김포시,252,34,215
2021,김포시,184,31,162
2021,김포시,520,47,360
2021,김포시,696,48,626
2021,김포시,181,28,104
2021,김포시,512,43,436
2021,김포시,155,27,133
2021,김포시,225,29,185
2021,김포시,452,44,362
2021,김포시,601,44,539
2021,김포시,124,28,91
2021,김포시,918,46,840
2021,김포시,413,50,335
2021,김포시,707,50,630
2021,김포시,151,34,103
2021,성남시,4,4,4
2021,성남시,88,24,78
2021,성남시,368,46,320
2021,성남시,40,16,33
2021,성남시,202,32,185
2021,성남시,282,32,245
2021,성남시,17,8,11
2021,성남시,135,31,119
2021,성남시,45,17,38
2021,성남시,159,29,150
2021,성남시,9,8,5
2021,성남시,2,2,2
2021,성남시,259,34,228
2021,성남시,86,23,70
2021,성남시,217,35,201
2021,성남시,15,14,13
2021,성남시,51,19,45
2021,성남시,234,40,207
2021,성남시,510,42,439
2021,성남시,12,6,8
2021,성남시,455,48,412
2021,성남시,6,5,6
2021,성남시,361,37,312
2021,성남시,379,40,330
2021,성남시,365,44,259
2021,성남시,34,17,24
2021,성남시,6,6,6
2021,성남시,429,40,372
2021,성남시,35,14,27
2021,성남시,472,44,375
2021,성남시,97,23,86
2021,성남시,108,24,103
2021,성남시,11,7,6
2021,성남시,223,34,191
2021,성남시,18,11,15
2021,성남시,368,38,323
2021,성남시,337,35,313
2021,성남시,865,57,754
2021,성남시,118,27,96
2021,성남시,450,41,400
2021,성남시,603,53,509
2021,성남시,234,34,197
2021,성남시,182,28,161
2021,성남시,1,1,1
2021,수원시,1014,56,749
2021,수원시,1082,57,813
2021,수원시,1664,67,1187
2021,수원시,202,35,136
2021,수원시,1659,65,1289
2021,수원시,77,18,58
2021,수원시,5576,98,4222
2021,수원시,2648,73,1964
2021,수원시,100,29,71
2021,수원시,100,27,69
2021,수원시,468,38,370
2021,수원시,2697,75,2182
2021,수원시,439,43,322
2021,수원시,153,28,100
2021,수원시,372,41,283
2021,수원시,264,42,185
2021,수원시,5495,96,4320
2021,수원시,92,21,68
2021,수원시,140,38,92
2021,수원시,14,6,6
2021,수원시,1164,61,834
2021,수원시,4038,95,2927
2021,수원시,1516,63,1157
2021,수원시,343,42,256
2021,수원시,151,32,106
2021,수원시,1274,68,919
2021,수원시,41,16,26
2021,수원시,4284,82,3511
2021,수원시,1572,66,1143
2021,수원시,1290,61,975
2021,수원시,2412,78,1844
2021,수원시,1753,66,1362
2021,수원시,1432,62,1135
2021,수원시,378,48,270
2021,수원시,2691,78,2128
2021,수원시,3503,80,2567
2021,수원시,403,40,315
2021,수원시,83,25,63
2021,수원시,15,5,11
2021,수원시,4878,87,3871
2021,수원시,3247,70,2506
2021,수원시,41,11,30
2021,수원시,1093,61,757
2021,수원시,1438,55,1199
2021,수원시,1623,68,1173
2021,수원시,1275,57,988
2021,수원시,25,10,17
2021,수원시,48,17,29
2021,수원시,43,16,29
2021,수원시,156,28,122
2021,수원시,3,2,3
2021,수원시,31,16,19
2021,수원시,1564,62,1195
2021,수원시,2236,66,1719
2021,수원시,3047,74,2377
2021,안양시,620,47,560
2021,안양시,319,35,284
2021,안양시,523,41,480
2021,안양시,478,42,433
2021,안양시,1237,67,1089
2021,안양시,345,35,318
2021,안양시,674,42,599
2021,양주시,210,28,179
2021,양주시,137,32,109
2021,양주시,184,29,151
2021,양주시,217,32,128
2021,양주시,99,26,80
2021,양주시,21,9,14
2021,양주시,281,31,223
2021,양주시,183,32,152
2021,양주시,8,5,4
2021,양주시,146,26,122
2021,양주시,444,41,319
2021,양주시,13,9,12
2021,양주시,37,16,33
2021,양주시,316,42,259
2021,양주시,7,4,5
2021,양주시,883,53,761
2021,양주시,15,6,9
2021,양주시,8,5,6
2021,양주시,84,16,57
2021,양주시,180,31,133
2021,양주시,28,12,13
2021,양주시,67,15,54
2021,양평군,126,32,126
2021,양평군,90,30,90
2021,양평군,95,25,95
2021,양평군,62,21,62
2021,양평군,187,38,187
2021,양평군,76,26,76
2021,양평군,210,43,210
2021,양평군,344,49,344
2021,양평군,148,40,148
2021,양평군,285,46,285
2021,양평군,101,26,101
2021,양평군,38,14,38
2021,여주시,244,36,165
2021,여주시,9,4,4
2021,여주시,148,21,97
2021,여주시,74,16,66
2021,여주시,75,14,35
2021,여주시,121,19,73
2021,여주시,15,6,11
2021,여주시,3,3,3
2021,여주시,228,28,140
2021,여주시,6,3,4
2021,여주시,44,15,24
2021,여주시,103,29,70
2021,여주시,27,13,21
2021,여주시,6,4,6
2021,여주시,51,18,39
2021,여주시,4,3,4
2021,여주시,3,2,3
2021,여주시,22,9,17
2021,여주시,27,12,22
2021,여주시,6,4,4
2021,여주시,92,21,74
2021,여주시,7,5,4
2021,여주시,65,18,48
2021,여주시,109,26,72
2021,여주시,106,27,81
2021,여주시,42,14,30
2021,여주시,95,16,76
2021,여주시,15,7,4
2021,여주시,66,19,60
2021,여주시,150,25,113
2021,여주시,70,21,59
2021,여주시,111,21,66
2021,용인시,458,60,297
2021,용인시,1589,73,1203
2021,용인시,410,44,277
2021,용인시,1250,66,904
2021,용인시,2189,67,1709
2021,용인시,1253,64,994
2021,용인시,400,50,234
2021,용인시,1240,112,833
2021,용인시,184,33,145
2021,용인시,1865,71,1503
2021,용인시,2351,88,1795
2021,용인시,1996,73,1508
2021,용인시,650,47,504
2021,용인시,1912,131,1283
2021,용인시,726,57,389
2021,용인시,1695,70,1323
2021,용인시,2175,84,1737
2021,용인시,789,52,603
2021,용인시,581,49,468
2021,용인시,1595,73,1233
2021,용인시,4867,89,3890
2021,용인시,978,56,760
2021,용인시,3656,87,2703
2021,용인시,1964,71,1565
2021,용인시,2569,80,1982
2021,용인시,1863,82,1182
2021,용인시,1110,63,903
2021,용인시,1591,75,1224
2021,용인시,2356,82,1840
2021,용인시,130,35,85
2021,용인시,862,75,527
2021,용인시,883,51,660
2021,용인시,1782,123,1046
2021,용인시,4262,90,3469
2021,용인시,2940,82,2133
2021,용인시,322,46,226
2021,용인시,924,62,731
2021,용인시,2372,81,1695
2021,용인시,4442,83,3584
2021,용인시,327,48,222
2021,용인시,17,11,13
2021,용인시,55,15,36
2021,의정부시,747,50,621
2021,의정부시,136,27,111
2021,의정부시,320,38,269
2021,의정부시,389,44,331
2021,의정부시,246,34,209
2021,의정부시,669,46,589
2021,의정부시,99,22,91
2021,의정부시,931,52,812
2021,의정부시,286,35,255
2021,의정부시,1994,74,1704
2021,의정부시,10,4,5
2021,의정부시,213,32,180
2021,의정부시,722,52,629
2021,이천시,125,28,107
2021,이천시,21,13,19
2021,이천시,75,18,58
2021,이천시,12,9,10
2021,이천시,162,35,131
2021,이천시,11,7,8
2021,이천시,203,33,164
2021,이천시,62,21,39
2021,이천시,200,30,160
2021,이천시,398,45,341
2021,이천시,52,15,47
2021,이천시,49,16,29
2021,이천시,156,26,132
2021,이천시,249,37,182
2021,이천시,81,21,69
2021,이천시,46,14,23
2021,이천시,9,5,5
2021,이천시,14,8,6
2021,이천시,144,25,114
2021,이천시,108,26,92
2021,이천시,26,10,18
2021,이천시,194,28,179
2021,이천시,7,5,5
2021,이천시,217,35,188
2021,이천시,94,28,64
2021,파주시,54,16,50
2021,파주시,356,36,106
2021,파주시,30,13,17
2021,파주시,1,1,1
2021,파주시,6,5,5
2021,파주시,71,18,42
2021,파주시,537,44,460
2021,파주시,163,29,140
2021,파주시,45,16,38
2021,파주시,763,57,652
2021,파주시,6,5,5
2021,파주시,863,53,772
2021,파주시,147,27,119
2021,파주시,645,54,539
2021,파주시,241,36,172
2021,파주시,27,17,19
2021,파주시,158,33,111
2021,파주시,10,6,6
2021,파주시,18,10,9
2021,파주시,18,12,16
2021,파주시,206,29,171
2021,파주시,876,59,672
2021,파주시,73,25,62
2021,파주시,29,11,14
2021,파주시,4,4,3
2021,파주시,808,44,497
2021,파주시,109,31,81
2021,파주시,87,23,63
2021,파주시,404,46,316
2021,파주시,2,2,1
2021,파주시,215,42,165
2021,파주시,237,30,181
2021,파주시,71,14,44
2021,파주시,17,7,11
2021,평택시,28,14,26
2021,평택시,105,32,87
2021,평택시,373,46,308
2021,평택시,34,17,31
2021,평택시,9,6,9
2021,평택시,89,24,80
2021,평택시,499,46,426
2021,평택시,2,1,2
2021,평택시,712,57,617
2021,평택시,450,45,379
2021,평택시,65,20,49
2021,평택시,261,36,218
2021,평택시,154,26,135
2021,평택시,15,7,10
2021,평택시,295,38,235
2021,평택시,504,46,421
2021,평택시,141,25,90
2021,평택시,472,46,433
2021,평택시,7,4,6
2021,평택시,7,6,7
2021,평택시,253,34,214
2021,평택시,112,21,94
2021,평택시,77,16,63
2021,평택시,253,37,225
2021,평택시,356,39,287
2021,평택시,23,11,19
2021,평택시,176,29,117
2021,평택시,9,3,5
2021,평택시,417,47,338
2021,평택시,22,6,11
2021,평택시,128,26,109
2021,평택시,110,28,91
2021,평택시,534,66,405
2021,평택시,73,25,65
2021,평택시,289,48,242
2021,평택시,254,39,193
2021,평택시,109,21,70
2021,포천시,563,54,221
2021,포천시,136,23,90
2021,포천시,725,56,350
2021,포천시,252,39,128
2021,포천시,83,26,46
2021,포천시,859,53,514
2021,포천시,67,21,38
2021,포천시,3737,84,1622
2021,포천시,922,61,520
2021,포천시,1264,56,819
2021,포천시,201,34,99
2021,포천시,419,45,283
2021,포천시,482,39,158
2021,포천시,339,43,191
2021,포천시,526,54,291
2021,포천시,61,12,31
2021,포천시,123,26,49
2021,포천시,151,29,88
2021,하남시,29,8,19
2021,하남시,134,20,121
2021,하남시,106,28,93
2021,하남시,6,3,5
2021,하남시,10,7,8
2021,하남시,662,56,580
2021,하남시,1086,61,965
2021,하남시,18,8,15
2021,하남시,1,1,1
2021,하남시,5,4,5
2021,하남시,25,12,22
2021,하남시,207,30,195
2021,하남시,405,40,342
2021,하남시,113,18,101
2021,하남시,40,12,25
2021,하남시,50,16,30
2021,하남시,17,9,13
2021,하남시,32,11,18
2021,하남시,345,30,307
2021,하남시,30,6,6
2021,하남시,40,16,26
2021,하남시,216,33,188
2021,하남시,10,8,9
2020,가평군,4532,363,2877
2020,가평군,1038,60,716
2020,가평군,338,41,210
2020,가평군,484,52,297
2020,가평군,1213,74,687
2020,가평군,379,45,245
2020,가평군,1080,91,722
2020,고양시,98,27,69
2020,고양시,2,2,2
2020,고양시,152,33,138
2020,고양시,118,26,88
2020,고양시,8,6,8
2020,고양시,6,5,4
2020,고양시,129,33,110
2020,고양시,21,12,19
2020,고양시,8,5,8
2020,고양시,322,49,284
2020,고양시,25,11,19
2020,고양시,257,40,203
2020,고양시,114,33,105
2020,고양시,114,32,100
2020,고양시,173,30,156
2020,고양시,11,9,10
2020,고양시,312,47,265
2020,고양시,10,8,8
2020,고양시,46,11,13
2020,고양시,43,17,39
2020,고양시,4,2,3
2020,고양시,152,35,130
2020,고양시,29,5,2
2020,고양시,11,9,8
2020,고양시,153,29,139
2020,고양시,103,30,81
2020,고양시,267,40,231
2020,고양시,112,30,103
2020,고양시,2,1,1
2020,고양시,14,9,13
2020,고양시,13,11,11
2020,고양시,18,14,17
2020,고양시,138,25,111
2020,고양시,427,40,369
2020,고양시,382,49,262
2020,고양시,134,33,114
2020,고양시,75,17,68
2020,고양시,265,33,236
2020,고양시,241,36,209
2020,고양시,8,5,6
2020,고양시,71,27,61
2020,고양시,307,39,273
2020,고양시,284,40,118
2020,고양시,187,32,167
2020,고양시,466,46,421
2020,고양시,4,3,3
2020,고양시,104,24,94
2020,고양시,6,6,6
2020,고양시,30,14,25
2020,고양시,322,44,284
2020,고양시,3,2,2
2020,과천시,7,5,6
2020,과천시,32,15,24
2020,과천시,1,1,1
2020,과천시,37,17,33
2020,과천시,41,16,40
2020,과천시,29,12,27
2020,과천시,40,15,32
2020,과천시,15,10,13
2020,과천시,47,15,33
2020,광주시,116,24,92
2020,광주시,3,3,3
2020,광주시,164,35,141
2020,광주시,8,8,7
2020,광주시,41,13,23
2020,광주시,14,8,12
2020,광주시,70,24,52
2020,광주시,4,3,3
2020,광주시,9,6,7
2020,광주시,92,21,81
2020,광주시,4,3,4
2020,광주시,72,21,63
2020,광주시,172,28,153
2020,광주시,17,11,15
2020,광주시,89,20,84
2020,광주시,5,4,5
2020,광주시,64,20,61
2020,광주시,1005,69,862
2020,광주시,81,22,68
2020,광주시,32,15,27
2020,광주시,3,1,1
2020,광주시,5,5,5
2020,광주시,707,58,269
2020,광주시,103,21,90
2020,광주시,265,40,239
2020,광주시,87,24,77
2020,광주시,83,22,68
2020,김포시,109,24,96
2020,김포시,58,19,55
2020,김포시,181,34,163
2020,김포시,255,36,222
2020,김포시,114,24,36
2020,김포시,194,38,170
2020,김포시,65,17,53
2020,김포시,84,23,76
2020,김포시,163,37,137
2020,김포시,218,31,208
2020,김포시,33,16,26
2020,김포시,353,43,332
2020,김포시,186,36,159
2020,김포시,224,27,218
2020,김포시,55,19,37
2020,성남시,1,1,1
2020,성남시,47,18,40
2020,성남시,209,43,185
2020,성남시,18,11,17
2020,성남시,155,28,134
2020,성남시,156,27,145
2020,성남시,1,1,1
2020,성남시,73,21,69
2020,성남시,19,11,17
2020,성남시,84,21,81
2020,성남시,6,5,6
2020,성남시,3,3,3
2020,성남시,138,25,129
2020,성남시,46,23,37
2020,성남시,141,35,130
2020,성남시,11,5,9
2020,성남시,42,14,38
2020,성남시,122,18,115
2020,성남시,233,34,206
2020,성남시,7,6,7
2020,성남시,253,36,220
2020,성남시,1,1,1
2020,성남시,202,30,181
2020,성남시,227,34,202
2020,성남시,241,35,140
2020,성남시,13,10,12
2020,성남시,11,5,7
2020,성남시,227,38,194
2020,성남시,14,10,12
2020,성남시,372,40,219
2020,성남시,45,19,39
2020,성남시,124,25,113
2020,성남시,10,6,6
2020,성남시,97,24,90
2020,성남시,4,4,4
2020,성남시,166,28,136
2020,성남시,202,35,190
2020,성남시,447,47,415
2020,성남시,59,16,54
2020,성남시,270,35,237
2020,성남시,321,39,277
2020,성남시,115,29,108
2020,성남시,107,25,97
2020,수원시,837,50,617
2020,수원시,906,49,683
2020,수원시,1415,64,1010
2020,수원시,168,33,114
2020,수원시,1370,62,1073
2020,수원시,62,17,46
2020,수원시,4631,91,3527
2020,수원시,2090,64,1572
2020,수원시,83,26,57
2020,수원시,91,25,64
2020,수원시,377,32,300
2020,수원시,2296,69,1873
2020,수원시,380,41,278
2020,수원시,137,25,87
2020,수원시,329,37,254
2020,수원시,220,36,159
2020,수원시,4688,87,3739
2020,수원시,75,20,55
2020,수원시,121,32,78
2020,수원시,6,4,4
2020,수원시,957,54,694
2020,수원시,3352,87,2456
2020,수원시,1268,56,989
2020,수원시,272,36,206
2020,수원시,132,29,92
2020,수원시,1071,60,790
2020,수원시,40,16,26
2020,수원시,3699,76,3063
2020,수원시,1360,65,995
2020,수원시,1060,52,802
2020,수원시,2041,70,1566
2020,수원시,1417,59,1095
2020,수원시,1178,55,942
2020,수원시,309,42,219
2020,수원시,2175,71,1735
2020,수원시,2943,74,2167
2020,수원시,330,36,263
2020,수원시,64,19,50
2020,수원시,11,4,11
2020,수원시,4169,82,3320
2020,수원시,2843,67,2214
2020,수원시,31,8,22
2020,수원시,973,58,673
2020,수원시,1229,49,1023
2020,수원시,1374,67,1004
2020,수원시,1093,53,865
2020,수원시,22,10,15
2020,수원시,45,17,26
2020,수원시,35,13,24
2020,수원시,126,26,101
2020,수원시,1,1,1
2020,수원시,22,13,15
2020,수원시,1276,58,983
2020,수원시,1768,61,1353
2020,수원시,2578,68,2028
2020,안양시,412,44,370
2020,안양시,212,32,180
2020,안양시,320,37,292
2020,안양시,325,39,286
2020,안양시,780,52,706
2020,안양시,208,25,196
2020,안양시,432,40,399
2020,양주시,75,19,63
2020,양주시,44,13,40
2020,양주시,80,21,69
2020,양주시,50,17,39
2020,양주시,28,12,27
2020,양주시,3,3,3
2020,양주시,121,29,108
2020,양주시,109,30,84
2020,양주시,1,1,1
2020,양주시,57,18,54
2020,양주시,188,31,136
2020,양주시,6,6,6
2020,양주시,13,8,10
2020,양주시,99,20,85
2020,양주시,1,1,1
2020,양주시,346,43,315
2020,양주시,1,1,1
2020,양주시,3,3,3
2020,양주시,22,10,18
2020,양주시,66,20,49
2020,양주시,5,4,5
2020,양주시,44,19,31
2020,양평군,92,33,92
2020,양평군,56,21,56
2020,양평군,32,16,32
2020,양평군,37,15,37
2020,양평군,108,40,108
2020,양평군,38,15,38
2020,양평군,106,29,106
2020,양평군,211,43,211
2020,양평군,101,29,101
2020,양평군,202,47,202
2020,양평군,62,21,62
2020,양평군,40,15,40
2020,여주시,75,23,62
2020,여주시,1,1,1
2020,여주시,39,15,31
2020,여주시,27,12,25
2020,여주시,22,10,17
2020,여주시,41,12,29
2020,여주시,15,8,10
2020,여주시,3,3,3
2020,여주시,33,12,23
2020,여주시,1,1,1
2020,여주시,8,6,7
2020,여주시,45,19,24
2020,여주시,39,14,24
2020,여주시,3,2,2
2020,여주시,1,1,1
2020,여주시,19,12,17
2020,여주시,2,2,2
2020,여주시,1,1,1
2020,여주시,3,3,3
2020,여주시,15,9,12
2020,여주시,6,2,2
2020,여주시,32,9,27
2020,여주시,2,2,2
2020,여주시,15,9,15
2020,여주시,37,18,22
2020,여주시,31,12,26
2020,여주시,15,10,13
2020,여주시,29,13,26
2020,여주시,2,2,2
2020,여주시,24,15,22
2020,여주시,58,18,46
2020,여주시,37,12,32
2020,여주시,38,15,28
2020,용인시,376,55,243
2020,용인시,1307,69,985
2020,용인시,338,40,227
2020,용인시,1045,65,767
2020,용인시,1749,63,1378
2020,용인시,1076,58,863
2020,용인시,293,47,182
2020,용인시,981,96,651
2020,용인시,155,30,122
2020,용인시,1539,67,1223
2020,용인시,1935,80,1464
2020,용인시,1651,63,1288
2020,용인시,555,46,431
2020,용인시,1502,122,1002
2020,용인시,542,50,306
2020,용인시,1422,65,1114
2020,용인시,1838,79,1460
2020,용인시,655,48,514
2020,용인시,487,43,393
2020,용인시,1359,68,1044
2020,용인시,4192,83,3374
2020,용인시,784,54,620
2020,용인시,3058,79,2247
2020,용인시,1675,67,1342
2020,용인시,2214,74,1719
2020,용인시,1552,78,985
2020,용인시,913,60,744
2020,용인시,1266,68,981
2020,용인시,1949,74,1533
2020,용인시,114,33,73
2020,용인시,736,68,448
2020,용인시,730,47,567
2020,용인시,1440,117,885
2020,용인시,3697,81,3016
2020,용인시,2401,74,1746
2020,용인시,277,44,195
2020,용인시,767,59,606
2020,용인시,1937,80,1413
2020,용인시,3881,79,3170
2020,용인시,280,46,193
2020,용인시,9,8,7
2020,용인시,47,14,31
2020,의정부시,340,40,292
2020,의정부시,19,9,19
2020,의정부시,142,24,114
2020,의정부시,198,29,184
2020,의정부시,108,25,96
2020,의정부시,313,36,290
2020,의정부시,48,15,44
2020,의정부시,475,40,412
2020,의정부시,180,32,159
2020,의정부시,574,61,507
2020,의정부시,5,3,3
2020,의정부시,106,23,98
2020,의정부시,327,37,283
2020,이천시,71,17,61
2020,이천시,9,3,8
2020,이천시,34,13,32
2020,이천시,3,2,3
2020,이천시,82,23,68
2020,이천시,19,7,8
2020,이천시,120,26,103
2020,이천시,57,18,24
2020,이천시,75,20,67
2020,이천시,208,33,182
2020,이천시,35,16,30
2020,이천시,119,37,18
2020,이천시,86,20,76
2020,이천시,140,29,103
2020,이천시,56,19,46
2020,이천시,8,5,7
2020,이천시,2,2,2
2020,이천시,7,3,3
2020,이천시,55,22,41
2020,이천시,43,15,38
2020,이천시,6,5,6
2020,이천시,116,21,106
2020,이천시,2,2,2
2020,이천시,130,29,112
2020,이천시,35,17,27
2020,파주시,31,15,27
2020,파주시,83,27,50
2020,파주시,8,6,5
2020,파주시,17,12,15
2020,파주시,303,37,254
2020,파주시,56,17,49
2020,파주시,12,9,11
2020,파주시,269,41,245
2020,파주시,4,4,3
2020,파주시,408,51,367
2020,파주시,74,23,60
2020,파주시,219,38,182
2020,파주시,49,15,41
2020,파주시,32,13,14
2020,파주시,66,25,56
2020,파주시,7,5,6
2020,파주시,4,3,3
2020,파주시,92,23,81
2020,파주시,435,45,295
2020,파주시,28,11,27
2020,파주시,521,44,225
2020,파주시,42,16,32
2020,파주시,34,14,31
2020,파주시,144,24,116
2020,파주시,1,1,1
2020,파주시,113,25,79
2020,파주시,76,21,64
2020,파주시,13,9,12
2020,파주시,3,3,3
2020,평택시,16,8,14
2020,평택시,55,18,46
2020,평택시,132,29,107
2020,평택시,19,9,15
2020,평택시,3,3,3
2020,평택시,40,13,34
2020,평택시,216,33,190
2020,평택시,1,1,1
2020,평택시,336,38,294
2020,평택시,263,31,226
2020,평택시,22,10,17
2020,평택시,121,25,110
2020,평택시,69,19,63
2020,평택시,4,2,3
2020,평택시,140,34,117
2020,평택시,179,38,156
2020,평택시,57,18,31
2020,평택시,187,38,162
2020,평택시,2,2,2
2020,평택시,2,2,2
2020,평택시,123,19,98
2020,평택시,37,17,34
2020,평택시,30,14,28
2020,평택시,116,23,105
2020,평택시,152,30,140
2020,평택시,4,3,4
2020,평택시,75,22,61
2020,평택시,5,4,4
2020,평택시,1,1,1
2020,평택시,144,32,128
2020,평택시,5,3,4
2020,평택시,91,25,78
2020,평택시,41,18,39
2020,평택시,258,38,185
2020,평택시,51,16,41
2020,평택시,148,34,118
2020,평택시,117,28,92
2020,평택시,46,13,37
2020,포천시,560,54,219
2020,포천시,136,23,90
2020,포천시,724,56,349
2020,포천시,251,39,128
2020,포천시,83,26,46
2020,포천시,854,53,509
2020,포천시,67,21,38
2020,포천시,3726,84,1613
2020,포천시,920,61,518
2020,포천시,1258,56,816
2020,포천시,200,34,98
2020,포천시,419,45,283
2020,포천시,482,39,158
2020,포천시,336,41,189
2020,포천시,523,54,288
2020,포천시,61,12,31
2020,포천시,122,26,49
2020,포천시,149,29,88
2020,하남시,15,10,11
2020,하남시,56,19,47
2020,하남시,41,15,26
2020,하남시,12,7,6
2020,하남시,15,4,7
2020,하남시,380,41,332
2020,하남시,509,56,452
2020,하남시,17,8,9
2020,하남시,1,1,1
2020,하남시,21,6,8
2020,하남시,10,6,8
2020,하남시,118,16,111
2020,하남시,242,36,208
2020,하남시,79,20,68
2020,하남시,27,17,19
2020,하남시,15,7,11
2020,하남시,12,6,6
2020,하남시,28,12,16
2020,하남시,164,27,154
2020,하남시,13,7,10
2020,하남시,140,22,120
2020,하남시,2,2,2
2019,평택시,72,14,47
2019,평택시,105,21,86
2019,평택시,563,55,363
2019,평택시,65,18,50
2019,평택시,52,19,24
2019,평택시,181,26,142
2019,평택시,490,40,398
2019,평택시,5,3,5
2019,평택시,1044,60,855
2019,평택시,707,48,571
2019,평택시,101,25,67
2019,평택시,453,41,376
2019,평택시,188,26,146
2019,평택시,22,12,14
2019,평택시,335,39,268
2019,평택시,849,58,646
2019,평택시,319,43,187
2019,평택시,635,48,525
2019,평택시,18,9,14
2019,평택시,16,7,15
2019,평택시,433,44,345
2019,평택시,131,28,113
2019,평택시,119,25,96
2019,평택시,299,36,245
2019,평택시,514,49,422
2019,평택시,39,15,25
2019,평택시,265,39,185
2019,평택시,10,7,7
2019,평택시,14,4,10
2019,평택시,618,50,416
2019,평택시,22,12,17
2019,평택시,131,22,104
2019,평택시,141,31,111
2019,평택시,642,53,454
2019,평택시,104,20,80
2019,평택시,450,40,341
2019,평택시,375,37,301
2019,평택시,115,26,66
2018,평택시,10,5,10
2018,평택시,32,9,27
2018,평택시,62,21,45
2018,평택시,11,8,10
2018,평택시,11,7,7
2018,평택시,31,11,25
2018,평택시,102,23,90
2018,평택시,262,32,219
2018,평택시,199,30,168
2018,평택시,30,15,22
2018,평택시,95,23,81
2018,평택시,45,19,30
2018,평택시,6,3,6
2018,평택시,109,27,90
2018,평택시,154,34,133
2018,평택시,26,12,19
2018,평택시,176,36,154
2018,평택시,2,2,2
2018,평택시,95,24,90
2018,평택시,23,12,22
2018,평택시,32,14,26
2018,평택시,72,26,63
2018,평택시,126,28,107
2018,평택시,9,8,6
2018,평택시,78,22,58
2018,평택시,2,1,1
2018,평택시,70,22,52
2018,평택시,4,4,4
2018,평택시,24,11,22
2018,평택시,44,18,33
2018,평택시,218,38,138
2018,평택시,41,17,36
2018,평택시,103,26,82
2018,평택시,88,24,77
2018,평택시,22,10,14
2017,평택시,4,4,4
2017,평택시,24,12,19
2017,평택시,36,15,27
2017,평택시,10,8,9
2017,평택시,17,13,14
2017,평택시,63,21,56
2017,평택시,162,25,141
2017,평택시,118,25,97
2017,평택시,9,9,8
2017,평택시,54,16,47
2017,평택시,22,10,18
2017,평택시,3,3,3
2017,평택시,53,17,48
2017,평택시,71,19,60
2017,평택시,10,6,9
2017,평택시,73,21,71
2017,평택시,3,3,3
2017,평택시,56,21,49
2017,평택시,17,8,17
2017,평택시,14,7,13
2017,평택시,27,13,27
2017,평택시,64,24,53
2017,평택시,3,2,2
2017,평택시,24,13,17
2017,평택시,61,18,56
2017,평택시,3,3,3
2017,평택시,19,12,17
2017,평택시,31,11,29
2017,평택시,73,28,60
2017,평택시,23,9,22
2017,평택시,62,19,53
2017,평택시,72,22,58
2017,평택시,5,4,4
2016,평택시,3,1,2
2016,평택시,18,9,17
2016,평택시,38,14,29
2016,평택시,4,4,4
2016,평택시,2,1,1
2016,평택시,26,10,17
2016,평택시,49,16,43
2016,평택시,1,1,1
2016,평택시,98,24,82
2016,평택시,102,26,91
2016,평택시,13,7,12
2016,평택시,44,20,40
2016,평택시,11,6,10
2016,평택시,51,21,41
2016,평택시,128,24,110
2016,평택시,18,7,11
2016,평택시,61,23,50
2016,평택시,42,11,41
2016,평택시,18,9,17
2016,평택시,20,10,17
2016,평택시,15,9,13
2016,평택시,66,21,61
2016,평택시,3,2,2
2016,평택시,32,11,23
2016,평택시,9,7,9
2016,평택시,25,14,24
2016,평택시,5,4,4
2016,평택시,14,6,14
2016,평택시,11,5,11
2016,평택시,45,16,39
2016,평택시,18,13,17
2016,평택시,54,18,47
2016,평택시,51,19,44
2016,평택시,10,6,9
2015,평택시,9,6,7
2015,평택시,10,5,10
2015,평택시,39,12,35
2015,평택시,6,4,6
2015,평택시,1,1,1
2015,평택시,18,12,15
2015,평택시,55,16,47
2015,평택시,85,26,79
2015,평택시,117,28,104
2015,평택시,15,7,13
2015,평택시,54,20,52
2015,평택시,14,6,10
2015,평택시,2,2,2
2015,평택시,67,19,49
2015,평택시,56,14,46
2015,평택시,18,9,13
2015,평택시,31,13,28
2015,평택시,44,17,41
2015,평택시,16,10,16
2015,평택시,17,8,16
2015,평택시,18,9,14
2015,평택시,59,14,47
2015,평택시,44,14,30
2015,평택시,18,7,17
2015,평택시,15,8,14
2015,평택시,3,3,3
2015,평택시,16,8,14
2015,평택시,23,10,22
2015,평택시,61,20,55
2015,평택시,14,8,13
2015,평택시,38,14,37
2015,평택시,42,19,39
2015,평택시,10,6,9
2014,평택시,14,9,13
2014,평택시,31,11,22
2014,평택시,52,14,39
2014,평택시,12,6,11
2014,평택시,7,4,4
2014,평택시,47,14,38
2014,평택시,68,18,62
2014,평택시,181,24,165
2014,평택시,224,33,180
2014,평택시,23,15,16
2014,평택시,95,21,77
2014,평택시,29,16,25
2014,평택시,4,2,2
2014,평택시,125,21,92
2014,평택시,84,21,76
2014,평택시,13,7,11
2014,평택시,91,23,80
2014,평택시,5,4,2
2014,평택시,1,1,1
2014,평택시,117,22,104
2014,평택시,37,14,34
2014,평택시,20,9,18
2014,평택시,25,12,20
2014,평택시,154,23,125
2014,평택시,11,7,7
2014,평택시,55,19,41
2014,평택시,2,2,2
2014,평택시,37,17,34
2014,평택시,30,10,24
2014,평택시,6,6,6
2014,평택시,14,7,13
2014,평택시,40,13,35
2014,평택시,114,25,91
2014,평택시,29,13,27
2014,평택시,79,22,70
2014,평택시,94,22,79
2014,평택시,5,5,5

